Type,Name,Request Count,Failure Count,Median Response Time,Average Response Time,Min Response Time,Max Response Time,Average Content Size,Requests/s,Failures/s,50%,66%,75%,80%,90%,95%,98%,99%,99.9%,99.99%,100%
POST,/predict,1935,0,460,1762.482593695098,3.5200999991502613,21704.267699999036,271.8578811369509,16.27136703266247,0.0,460,640,810,940,1300,18000,20000,21000,22000,22000,22000
INFER,inference_time_ms,1598,0,34,902.0484643197274,2.901711999584222,20240.013363998514,0.0,13.43754238666389,0.0,34,53,71,75,110,150,19000,20000,20000,20000,20000
WALL,predict_wall_time_ms,1598,0,490,2044.9985412390477,9.875600000668783,21704.295299998194,0.0,13.43754238666389,0.0,490,650,820,950,1700,19000,20000,21000,22000,22000,22000
,Aggregated,5131,0,310,1582.4956019651067,2.901711999584222,21704.295299998194,102.52290001948938,43.14645180599025,0.0,310,510,640,770,1200,18000,20000,20000,22000,22000,22000
