Type,Name,Request Count,Failure Count,Median Response Time,Average Response Time,Min Response Time,Max Response Time,Average Content Size,Requests/s,Failures/s,50%,66%,75%,80%,90%,95%,98%,99%,99.9%,99.99%,100%
POST,/predict,2169,88,1900,6425.5830463809,2.966000000014901,64651.52200000011,266.4813278008299,18.292852710004023,0.7421719863902048,1900,2400,2800,3000,21000,46000,61000,63000,64000,65000,65000
INFER,inference_time_ms,1733,0,110,921.2480550346409,3.979179999078042,35615.74663899955,0.0,14.615727868343464,0.0,110,130,140,170,180,250,36000,36000,36000,36000,36000
WALL,predict_wall_time_ms,1733,0,1900,4604.01446866699,12.863100000686245,46175.01959999936,0.0,14.615727868343464,0.0,1900,2200,2600,2800,4200,23000,46000,46000,46000,46000,46000
,Aggregated,5635,88,1500,4172.558931885501,2.966000000014901,64651.52200000011,102.57284826974268,47.52430844669095,0.7421719863902048,1500,1900,2200,2600,3900,36000,46000,61000,64000,65000,65000
